Last Name,Email
Blow,Blow@algonquincollege.com
Blow,Blow1@algonquincollege.com
Cochran,Cochra@algonquincollege.com
Good,Good@algonquincollege.com
Goodman,Goodma@algonquincollege.com
Murillo,Murill@algonquincollege.com
Stanley,Stanle@algonquincollege.com
Rice,Rice@algonquincollege.com
Lang,Lang@algonquincollege.com
Bell,Bell@algonquincollege.com
Liu,Liu@algonquincollege.com
Boyer,Boyer@algonquincollege.com
Hurst,Hurst@algonquincollege.com
Hawkins,Hawkin@algonquincollege.com
Jacobs,Jacobs@algonquincollege.com
Whitaker,Whitak@algonquincollege.com
Dyer,Dyer@algonquincollege.com
Mcdonald,Mcdona@algonquincollege.com
Knight,Knight@algonquincollege.com
Rodriguez,Rodrig@algonquincollege.com
Aguilar,Aguila@algonquincollege.com
Grimes,Grimes@algonquincollege.com
Blankenship,Blanke@algonquincollege.com
Esparza,Esparz@algonquincollege.com
Levy,Levy@algonquincollege.com
Douglas,Dougla@algonquincollege.com
Smith,Smith@algonquincollege.com
Phelps,Phelps@algonquincollege.com
Preston,Presto@algonquincollege.com
Peterson,Peters@algonquincollege.com
Dodson,Dodson@algonquincollege.com
Dodson,Dodson1@algonquincollege.com
Herrera,Herrer@algonquincollege.com
Hobbs,Hobbs@algonquincollege.com
Salinas,Salina@algonquincollege.com
Booth,Booth@algonquincollege.com
Stein,Stein@algonquincollege.com
Figueroa,Figuer@algonquincollege.com
Berry,Berry@algonquincollege.com
Walsh,Walsh@algonquincollege.com
Franco,Franco@algonquincollege.com
Travis,Travis@algonquincollege.com
Wolf,Wolf@algonquincollege.com
Rowland,Rowlan@algonquincollege.com
Reynolds,Reynol@algonquincollege.com
Allison,Alliso@algonquincollege.com
Morton,Morton@algonquincollege.com
Kelly,Kelly@algonquincollege.com
Michael,Michae@algonquincollege.com
Lowe,Lowe@algonquincollege.com
Fletcher,Fletch@algonquincollege.com
Rivers,Rivers@algonquincollege.com
